0,1,2,3,4,5,6,7
0943,20241213,PAY   ,-560.27,ELECTRONIC BANKING PAYMENT TO ,SB617 SB6172 BATHO  NHU2312:35        ,509,0.0
0943,20241213,PAY   ,-712.51,ELECTRONIC BANKING PAYMENT TO ,CJ707 CJ7071 JANKEN NHU2312:36        ,509,0.0
0943,20241213,PAY   ,-825.41,ELECTRONIC BANKING PAYMENT TO ,CR506 CR5061 RED AL NHU2312:36        ,509,0.0
0943,20241213,PAY   ,-1506.05,ELECTRONIC BANKING PAYMENT TO ,SC617 SC6172 CHAUKE ZCX8314:21        ,509,0.0
0943,20241213,PAY   ,-1676.12,ELECTRONIC BANKING PAYMENT TO ,SC612 SC6125 CUMAX  NHU2312:36        ,509,0.0
0943,20241213,PAY   ,-1839.27,ELECTRONIC BANKING PAYMENT TO ,SF607 SF6073 FARLOW ZCX8314:23        ,509,0.0
0943,20241213,PAY   ,-2185.0,ELECTRONIC BANKING PAYMENT TO ,SN610 SN6108 NGOMSO NHU2312:35        ,509,0.0
0943,20241213,PAY   ,-2359.76,ELECTRONIC BANKING PAYMENT TO ,SJ608 SJ6084 JH PRO ZCX8314:23        ,509,0.0
0943,20241213,PAY   ,-2468.72,ELECTRONIC BANKING PAYMENT TO ,SR611 SR6117 RIBYE  NHU2312:35        ,509,0.0
0943,20241213,PAY   ,-2663.46,ELECTRONIC BANKING PAYMENT TO ,SM626 SM6261 MME BA ZCX8314:23        ,509,0.0
0943,20241213,PAY   ,-3030.65,ELECTRONIC BANKING PAYMENT TO ,SH608 SH6086 HWT BO NHU2312:36        ,509,0.0
0943,20241213,PAY   ,-3099.38,ELECTRONIC BANKING PAYMENT TO ,SC615 SC6156 CONSTR NHU2312:35        ,509,0.0
0943,20241213,PAY   ,-3150.0,ELECTRONIC BANKING PAYMENT TO ,SS620 SS6204 SANGO  NHU2312:35        ,509,0.0
0943,20241213,PAY   ,-3200.37,ELECTRONIC BANKING PAYMENT TO ,SW604 SW6045 WONILL NHU2312:35        ,509,0.0
0943,20241213,PAY   ,-3209.51,ELECTRONIC BANKING PAYMENT TO ,SV606 SV6065 VOVO M NHU2312:35        ,509,0.0
0943,20241213,PAY   ,-3214.8,ELECTRONIC BANKING PAYMENT TO ,SW605 SW6054 WA TSH NHU2312:35        ,509,0.0
0943,20241213,PAY   ,-3234.38,ELECTRONIC BANKING PAYMENT TO ,SW603 SW6030 WH COA NHU2312:35        ,509,0.0
0943,20241213,PAY   ,-3268.91,ELECTRONIC BANKING PAYMENT TO ,SR613 SR6134 RISKI  ZCX8314:21        ,509,0.0
0943,20241213,PAY   ,-3370.7,ELECTRONIC BANKING PAYMENT TO ,SO604 SO6042 ONE MA NHU2312:35        ,509,0.0
0943,20241213,PAY   ,-3813.72,ELECTRONIC BANKING PAYMENT TO ,SS624 SS6243 SPRING NHU2312:35        ,509,0.0
0943,20241213,PAY   ,-4104.0,ELECTRONIC BANKING PAYMENT TO ,SH608 SH6089 HLALUM NHU2312:36        ,509,0.0
0943,20241213,PAY   ,-4306.81,ELECTRONIC BANKING PAYMENT TO ,SL609 SL6099 LOG TR ZCX8314:23        ,509,0.0
0943,20241213,PAY   ,-4311.14,ELECTRONIC BANKING PAYMENT TO ,SB617 SB6176 BAESI  NHU2312:35        ,509,0.0
0943,20241213,PAY   ,-4400.0,ELECTRONIC BANKING PAYMENT TO ,CE501 CE5010 EMPLOY ZCX8314:22        ,509,0.0
0943,20241213,PAY   ,-5340.61,ELECTRONIC BANKING PAYMENT TO ,SV606 SV6064 VSK TR NHU2312:35        ,509,0.0
0943,20241213,PAY   ,-5558.62,ELECTRONIC BANKING PAYMENT TO ,SR611 SR6116 REMARK ZCX8314:21        ,509,0.0
0943,20241213,PAY   ,-5877.65,ELECTRONIC BANKING PAYMENT TO ,CH709 CH7099 HEALTH NHU2312:36        ,509,0.0
0943,20241213,PAY   ,-5997.83,ELECTRONIC BANKING PAYMENT TO ,CH710 CH7103 HYMAN  NHU2312:36        ,509,0.0
0943,20241213,PAY   ,-6405.45,ELECTRONIC BANKING PAYMENT TO ,SS625 SS6253 SIQALO NHU2312:35        ,509,0.0
0943,20241213,PAY   ,-6532.03,ELECTRONIC BANKING PAYMENT TO ,SG610 SG6105 GUZZEL NHU2312:36        ,509,0.0
0943,20241213,PAY   ,-6610.0,ELECTRONIC BANKING PAYMENT TO ,CS527 CS5275 SB LOC NHU2312:36        ,509,0.0
0943,20241213,PAY   ,-7156.07,ELECTRONIC BANKING PAYMENT TO ,SC615 SC6156 CONSTR ZCX8314:21        ,509,0.0
0943,20241213,PAY   ,-7489.82,ELECTRONIC BANKING PAYMENT TO ,SA621 SA6215 AGESAN NHU2312:35        ,509,0.0
0943,20241213,PAY   ,-7533.49,ELECTRONIC BANKING PAYMENT TO ,SJ609 SJ6091 JABBA  ZCX8314:23        ,509,0.0
0943,20241213,PAY   ,-7670.7,ELECTRONIC BANKING PAYMENT TO ,SM625 SM6255 MUTAPE ZCX8314:23        ,509,0.0
0943,20241213,PAY   ,-8788.85,ELECTRONIC BANKING PAYMENT TO ,SN610 SN6105 NONTOM NHU2312:35        ,509,0.0
0943,20241213,PAY   ,-8863.36,ELECTRONIC BANKING PAYMENT TO ,SE611 SE6116 ELBETH NHU2312:36        ,509,0.0
0943,20241213,PAY   ,-8897.7,ELECTRONIC BANKING PAYMENT TO ,SO604 SO6040 ODELES ZCX8314:21        ,509,0.0
0943,20241213,PAY   ,-8910.0,ELECTRONIC BANKING PAYMENT TO ,CH506 CH5069 HR DES NHU2312:36        ,509,0.0
0943,20241213,PAY   ,-8948.72,ELECTRONIC BANKING PAYMENT TO ,SN610 SN6104 NEW HA NHU2312:35        ,509,0.0
0943,20241213,PAY   ,-9306.37,ELECTRONIC BANKING PAYMENT TO ,CR716 CR7167 RANDTI NHU2312:36        ,509,0.0
0943,20241213,PAY   ,-9598.5,ELECTRONIC BANKING PAYMENT TO ,SK609 SK6094 KHAYA  NHU2312:35        ,509,0.0
0943,20241213,PAY   ,-9672.75,ELECTRONIC BANKING PAYMENT TO ,SN609 SN6095 NGA TR NHU2312:35        ,509,0.0
0943,20241213,PAY   ,-9715.66,ELECTRONIC BANKING PAYMENT TO ,SZ603 SZ6035 ZIMPOR NHU2312:35        ,509,0.0
0943,20241213,PAY   ,-10971.0,ELECTRONIC BANKING PAYMENT TO ,CE702 CE7028 ELECTR ZCX8314:22        ,509,0.0
0943,20241213,PAY   ,-11673.45,ELECTRONIC BANKING PAYMENT TO ,SK608 SK6088 KAW CI NHU2312:36        ,509,0.0
0943,20241213,PAY   ,-11952.0,ELECTRONIC BANKING PAYMENT TO ,SS628 SS6284 SHAWN  NHU2312:35        ,509,0.0
0943,20241213,PAY   ,-12066.8,ELECTRONIC BANKING PAYMENT TO ,CK507 CK5075 KIMCIT NHU2312:36        ,509,0.0
0943,20241213,PAY   ,-12898.72,ELECTRONIC BANKING PAYMENT TO ,SL608 SL6087 LISEKH ZCX8314:23        ,509,0.0
0943,20241213,PAY   ,-13055.37,ELECTRONIC BANKING PAYMENT TO ,SA621 SA6218 ANO KA NHU2312:35        ,509,0.0
0943,20241213,PAY   ,-13092.17,ELECTRONIC BANKING PAYMENT TO ,ST610 ST6102 TSOGO  NHU2312:35        ,509,0.0
0943,20241213,PAY   ,-13190.43,ELECTRONIC BANKING PAYMENT TO ,CB700 CB7009 BOLAND NHU2312:36        ,509,0.0
0943,20241213,PAY   ,-13370.91,ELECTRONIC BANKING PAYMENT TO ,CD516 CD5160 DU TOI NHU2312:36        ,509,0.0
0943,20241213,PAY   ,-13458.24,ELECTRONIC BANKING PAYMENT TO ,SC615 SC6157 CEDUMA NHU2312:35        ,509,0.0
0943,20241213,PAY   ,-13665.75,ELECTRONIC BANKING PAYMENT TO ,CE700 CE7008 E&C EA NHU2312:36        ,509,0.0
0943,20241213,PAY   ,-13948.95,ELECTRONIC BANKING PAYMENT TO ,CK507 CK5076 KIMCIT NHU2312:36        ,509,0.0
0943,20241213,PAY   ,-13982.99,ELECTRONIC BANKING PAYMENT TO ,SL610 SL6108 LUAAZ  ZCX8314:23        ,509,0.0
0943,20241213,PAY   ,-14016.38,ELECTRONIC BANKING PAYMENT TO ,SR613 SR6130 RELESE NHU2312:35        ,509,0.0
0943,20241213,PAY   ,-14278.4,ELECTRONIC BANKING PAYMENT TO ,CH704 CH7041 HAGGIE NHU2312:36        ,509,0.0
0943,20241213,PAY   ,-14491.92,ELECTRONIC BANKING PAYMENT TO ,SD610 SD6102 DRIEBO NHU2312:35        ,509,0.0
0943,20241213,PAY   ,-14722.88,ELECTRONIC BANKING PAYMENT TO ,SA618 SA6185 AFRICA NHU2312:35        ,509,0.0
0943,20241213,PAY   ,-14974.77,ELECTRONIC BANKING PAYMENT TO ,SV606 SV6064 VSK TR NHU2312:35        ,509,0.0
0943,20241213,PAY   ,-15500.0,ELECTRONIC BANKING PAYMENT TO ,CD509 CD5097 DR DG  NHU2312:36        ,509,0.0
0943,20241213,PAY   ,-15532.12,ELECTRONIC BANKING PAYMENT TO ,SB615 SB6154 BP TAU ZCX8314:21        ,509,0.0
0943,20241213,PAY   ,-15624.0,ELECTRONIC BANKING PAYMENT TO ,SC619 SC6193 CAMOES ZCX8314:21        ,509,0.0
0943,20241213,PAY   ,-15653.61,ELECTRONIC BANKING PAYMENT TO ,SM625 SM6253 MALUZA NHU2312:35        ,509,0.0
0943,20241213,PAY   ,-15784.38,ELECTRONIC BANKING PAYMENT TO ,SC618 SC6181 CHESCA NHU2312:35        ,509,0.0
0943,20241213,PAY   ,-15989.59,ELECTRONIC BANKING PAYMENT TO ,SA619 SA6190 ABSOLU NHU2312:35        ,509,0.0
0943,20241213,PAY   ,-16053.0,ELECTRONIC BANKING PAYMENT TO ,SS620 SS6204 SANGO  NHU2312:35        ,509,0.0
0943,20241213,PAY   ,-16781.62,ELECTRONIC BANKING PAYMENT TO ,CM705 CM7058 MTN    NHU2312:36        ,509,0.0
0943,20241213,PAY   ,-17030.55,ELECTRONIC BANKING PAYMENT TO ,SV606 SV6065 VOVO M NHU2312:35        ,509,0.0
0943,20241213,PAY   ,-17033.04,ELECTRONIC BANKING PAYMENT TO ,SS628 SS6280 SKAPNO NHU2312:35        ,509,0.0
0943,20241213,PAY   ,-17058.96,ELECTRONIC BANKING PAYMENT TO ,SM626 SM6268 MBOMA  NHU2312:35        ,509,0.0
0943,20241213,PAY   ,-17983.13,ELECTRONIC BANKING PAYMENT TO ,SR611 SR6116 REMARK ZCX8314:21        ,509,0.0
0943,20241213,PAY   ,-18115.71,ELECTRONIC BANKING PAYMENT TO ,SL609 SL6099 LOG TR ZCX8314:23        ,509,0.0
0943,20241213,PAY   ,-19438.68,ELECTRONIC BANKING PAYMENT TO ,CT711 CT7110 TIP TR ZCX8314:22        ,509,0.0
0943,20241213,PAY   ,-20786.48,ELECTRONIC BANKING PAYMENT TO ,SA618 SA6183 AL2KG  ZCX8314:21        ,509,0.0
0943,20241213,PAY   ,-20841.32,ELECTRONIC BANKING PAYMENT TO ,SC617 SC6178 CALIBI ZCX8314:23        ,509,0.0
0943,20241213,PAY   ,-21258.78,ELECTRONIC BANKING PAYMENT TO ,SL610 SL6106 LEBO & NHU2312:36        ,509,0.0
0943,20241213,PAY   ,-21412.36,ELECTRONIC BANKING PAYMENT TO ,SM624 SM6247 MAJOR1 NHU2312:35        ,509,0.0
0943,20241213,PAY   ,-21871.67,ELECTRONIC BANKING PAYMENT TO ,SA619 SA6190 ABSOLU NHU2312:35        ,509,0.0
0943,20241213,PAY   ,-22086.9,ELECTRONIC BANKING PAYMENT TO ,CK712 CK7120 KALGRO ZCX8314:22        ,509,0.0
0943,20241213,PAY   ,-22449.87,ELECTRONIC BANKING PAYMENT TO ,SR611 SR6116 REMARK ZCX8314:21        ,509,0.0
0943,20241213,PAY   ,-22980.87,ELECTRONIC BANKING PAYMENT TO ,SL609 SL6099 LOG TR ZCX8314:23        ,509,0.0
0943,20241213,PAY   ,-23421.39,ELECTRONIC BANKING PAYMENT TO ,SR606 SR6067 REATLE NHU2312:35        ,509,0.0
0943,20241213,PAY   ,-24729.83,ELECTRONIC BANKING PAYMENT TO ,SC615 SC6155 CA BUI NHU2312:35        ,509,0.0
0943,20241213,PAY   ,-24992.64,ELECTRONIC BANKING PAYMENT TO ,SS620 SS6204 SANGO  NHU2312:35        ,509,0.0
0943,20241213,PAY   ,-25354.97,ELECTRONIC BANKING PAYMENT TO ,SC612 SC6125 CUMAX  ZCX8314:23        ,509,0.0
0943,20241213,PAY   ,-26235.06,ELECTRONIC BANKING PAYMENT TO ,SM623 SM6232 MB CIV ZCX8314:23        ,509,0.0
0943,20241213,PAY   ,-26581.95,ELECTRONIC BANKING PAYMENT TO ,SA621 SA6219 ATHIS  NHU2312:35        ,509,0.0
0943,20241213,PAY   ,-27324.0,ELECTRONIC BANKING PAYMENT TO ,CH712 CH7121 HLASE  NHU2312:36        ,509,0.0
0943,20241213,PAY   ,-27777.74,ELECTRONIC BANKING PAYMENT TO ,SS627 SS6278 SANNS  NHU2312:35        ,509,0.0
0943,20241213,PAY   ,-27896.96,ELECTRONIC BANKING PAYMENT TO ,SC619 SC6193 CAMOES ZCX8314:23        ,509,0.0
0943,20241213,PAY   ,-28025.21,ELECTRONIC BANKING PAYMENT TO ,SR613 SR6132 RATISI NHU2312:35        ,509,0.0
0943,20241213,PAY   ,-28100.66,ELECTRONIC BANKING PAYMENT TO ,SL604 SL6049 LEKHOO NHU2312:36        ,509,0.0
0943,20241213,PAY   ,-28527.19,ELECTRONIC BANKING PAYMENT TO ,SK608 SK6083 KHEWAN NHU2312:36        ,509,0.0
0943,20241213,PAY   ,-28933.84,ELECTRONIC BANKING PAYMENT TO ,SG608 SG6088 GLOBAL NHU2312:36        ,509,0.0
0943,20241213,PAY   ,-30515.93,ELECTRONIC BANKING PAYMENT TO ,SK608 SK6087 KHANAN NHU2312:36        ,509,0.0
0943,20241213,PAY   ,-31019.6,ELECTRONIC BANKING PAYMENT TO ,SM625 SM6254 MACWIL ZCX8314:23        ,509,0.0
0943,20241213,PAY   ,-31424.85,ELECTRONIC BANKING PAYMENT TO ,SC612 SC6125 CUMAX  NHU2312:36        ,509,0.0
0943,20241213,PAY   ,-31740.89,ELECTRONIC BANKING PAYMENT TO ,SM625 SM6254 MACWIL NHU2312:35        ,509,0.0
0943,20241213,PAY   ,-32427.67,ELECTRONIC BANKING PAYMENT TO ,ST601 ST6015 TJ S J ZCX8314:23        ,509,0.0
0943,20241213,PAY   ,-32580.0,ELECTRONIC BANKING PAYMENT TO ,SI607 SI6071 INCRED ZCX8314:23        ,509,0.0
0943,20241213,PAY   ,-33964.2,ELECTRONIC BANKING PAYMENT TO ,SP608 SP6080 PERANA ZCX8314:21        ,509,0.0
0943,20241213,PAY   ,-34593.98,ELECTRONIC BANKING PAYMENT TO ,SO604 SO6042 ONE MA ZCX8314:21        ,509,0.0
0943,20241213,PAY   ,-34706.3,ELECTRONIC BANKING PAYMENT TO ,CD514 CD5149 DE WER NHU2312:36        ,509,0.0
0943,20241213,PAY   ,-34731.82,ELECTRONIC BANKING PAYMENT TO ,SD617 SD6176 DUBE & ZCX8314:21        ,509,0.0
0943,20241213,PAY   ,-34750.0,ELECTRONIC BANKING PAYMENT TO ,CD516 CD5165 DIRISA NHU2312:36        ,509,0.0
0943,20241213,PAY   ,-35236.74,ELECTRONIC BANKING PAYMENT TO ,SR612 SR6126 RDT GE NHU2312:35        ,509,0.0
0943,20241213,PAY   ,-35667.99,ELECTRONIC BANKING PAYMENT TO ,SG605 SG6057 GMJ CI NHU2312:36        ,509,0.0
0943,20241213,PAY   ,-38185.84,ELECTRONIC BANKING PAYMENT TO ,SR613 SR6133 ROOS G ZCX8314:21        ,509,0.0
0943,20241213,PAY   ,-40419.65,ELECTRONIC BANKING PAYMENT TO ,SW603 SW6030 WH COA NHU2312:35        ,509,0.0
0943,20241213,PAY   ,-40662.2,ELECTRONIC BANKING PAYMENT TO ,SM624 SM6243 MUSA W NHU2312:36        ,509,0.0
0943,20241213,PAY   ,-42194.88,ELECTRONIC BANKING PAYMENT TO ,SL604 SL6045 LAUBSC NHU2312:36        ,509,0.0
0943,20241213,PAY   ,-42951.38,ELECTRONIC BANKING PAYMENT TO ,SC619 SC6193 CAMOES ZCX8314:23        ,509,0.0
0943,20241213,PAY   ,-43188.82,ELECTRONIC BANKING PAYMENT TO ,SN611 SN6117 NT PRO ZCX8314:21        ,509,0.0
0943,20241213,PAY   ,-43500.89,ELECTRONIC BANKING PAYMENT TO ,SR604 SR6042 R PHIA NHU2312:35        ,509,0.0
0943,20241213,PAY   ,-43900.0,ELECTRONIC BANKING PAYMENT TO ,SM627 SM6274 MOELEE ZCX8314:23        ,509,0.0
0943,20241213,PAY   ,-45500.42,ELECTRONIC BANKING PAYMENT TO ,SP605 SP6052 PHUMEL NHU2312:35        ,509,0.0
0943,20241213,PAY   ,-45876.73,ELECTRONIC BANKING PAYMENT TO ,SB618 SB6181 BM MAK ZCX8314:23        ,509,0.0
0943,20241213,PAY   ,-46251.0,ELECTRONIC BANKING PAYMENT TO ,SG610 SG6101 GIBCON ZCX8314:23        ,509,0.0
0943,20241213,PAY   ,-47187.5,ELECTRONIC BANKING PAYMENT TO ,CK711 CK7118 KLIPKO NHU2312:36        ,509,0.0
0943,20241213,PAY   ,-47474.93,ELECTRONIC BANKING PAYMENT TO ,SL609 SL6097 LOMSO  ZCX8314:23        ,509,0.0
0943,20241213,PAY   ,-47816.94,ELECTRONIC BANKING PAYMENT TO ,SE621 SE6214 EMP3RO NHU2312:36        ,509,0.0
0943,20241213,PAY   ,-47899.61,ELECTRONIC BANKING PAYMENT TO ,SC611 SC6115 CYAFIX ZCX8314:23        ,509,0.0
0943,20241213,PAY   ,-48846.6,ELECTRONIC BANKING PAYMENT TO ,SM625 SM6254 MACWIL ZCX8314:23        ,509,0.0
0943,20241213,PAY   ,-49209.08,ELECTRONIC BANKING PAYMENT TO ,SG605 SG6057 GMJ CI NHU2312:36        ,509,0.0
0943,20241213,PAY   ,-49943.9,ELECTRONIC BANKING PAYMENT TO ,ST611 ST6111 THUSO  NHU2312:35        ,509,0.0
0943,20241213,PAY   ,-52448.89,ELECTRONIC BANKING PAYMENT TO ,SO603 SO6036 OSWALD ZCX8314:21        ,509,0.0
0943,20241213,PAY   ,-53499.96,ELECTRONIC BANKING PAYMENT TO ,SM624 SM6249 M&M CO ZCX8314:23        ,509,0.0
0943,20241213,PAY   ,-54896.4,ELECTRONIC BANKING PAYMENT TO ,SR612 SR6124 ROBURN ZCX8314:21        ,509,0.0
0943,20241213,PAY   ,-55262.38,ELECTRONIC BANKING PAYMENT TO ,SA618 SA6183 AL2KG  ZCX8314:21        ,509,0.0
0943,20241213,PAY   ,-55458.8,ELECTRONIC BANKING PAYMENT TO ,CR508 CR5087 RWK EL NHU2312:36        ,509,0.0
0943,20241213,PAY   ,-56050.43,ELECTRONIC BANKING PAYMENT TO ,SC617 SC6178 CALIBI ZCX8314:23        ,509,0.0
0943,20241213,PAY   ,-57882.83,ELECTRONIC BANKING PAYMENT TO ,CD501 CD5019 DESLEY NHU2312:36        ,509,0.0
0943,20241213,PAY   ,-61691.18,ELECTRONIC BANKING PAYMENT TO ,CV701 CV7012 VANSTO NHU2312:36        ,509,0.0
0943,20241213,PAY   ,-62423.35,ELECTRONIC BANKING PAYMENT TO ,CO703 CO7038 OTTO S NHU2312:36        ,509,0.0
0943,20241213,PAY   ,-64408.94,ELECTRONIC BANKING PAYMENT TO ,SW604 SW6043 WIXONI NHU2312:35        ,509,0.0
0943,20241213,PAY   ,-64894.28,ELECTRONIC BANKING PAYMENT TO ,SG610 SG6101 GIBCON NHU2312:36        ,509,0.0
0943,20241213,PAY   ,-65380.34,ELECTRONIC BANKING PAYMENT TO ,SK607 SK6078 K20152 ZCX8314:23        ,509,0.0
0943,20241213,PAY   ,-66114.0,ELECTRONIC BANKING PAYMENT TO ,SN611 SN6118 NKOMO  ZCX8314:21        ,509,0.0
0943,20241213,PAY   ,-67081.73,ELECTRONIC BANKING PAYMENT TO ,SL604 SL6049 LEKHOO NHU2312:35        ,509,0.0
0943,20241213,PAY   ,-67383.32,ELECTRONIC BANKING PAYMENT TO ,SA620 SA6206 AC SQU NHU2312:35        ,509,0.0
0943,20241213,PAY   ,-67992.25,ELECTRONIC BANKING PAYMENT TO ,SK605 SK6057 LEGEND NHU2312:35        ,509,0.0
0943,20241213,PAY   ,-68000.0,ELECTRONIC BANKING PAYMENT TO ,SB616 SB6167 BRANDA NHU2312:36        ,509,0.0
0943,20241213,PAY   ,-68890.47,ELECTRONIC BANKING PAYMENT TO ,SN611 SN6118 NKOMO  ZCX8314:21        ,509,0.0
0943,20241213,PAY   ,-71889.38,ELECTRONIC BANKING PAYMENT TO ,SS625 SS6251 SKYCO  NHU2312:35        ,509,0.0
0943,20241213,PAY   ,-72758.11,ELECTRONIC BANKING PAYMENT TO ,SS628 SS6281 SONKOM NHU2312:35        ,509,0.0
0943,20241213,PAY   ,-73125.0,ELECTRONIC BANKING PAYMENT TO ,SK605 SK6057 LEGEND NHU2312:36        ,509,0.0
0943,20241213,PAY   ,-74344.37,ELECTRONIC BANKING PAYMENT TO ,CB514 CB5149 BADEC  NHU2312:37        ,509,0.0
0943,20241213,PAY   ,-77130.0,ELECTRONIC BANKING PAYMENT TO ,SR611 SR6117 RIBYE  ZCX8314:21        ,509,0.0
0943,20241213,PAY   ,-77634.36,ELECTRONIC BANKING PAYMENT TO ,SS628 SS6281 SONKOM NHU2312:35        ,509,0.0
0943,20241213,PAY   ,-77774.58,ELECTRONIC BANKING PAYMENT TO ,SA621 SA6212 APJ ST ZCX8314:21        ,509,0.0
0943,20241213,PAY   ,-78625.15,ELECTRONIC BANKING PAYMENT TO ,CK704 CK7042 KIMROA NHU2312:36        ,509,0.0
0943,20241213,PAY   ,-81179.48,ELECTRONIC BANKING PAYMENT TO ,CN717 CN7172 NOLCOE ZCX8314:22        ,509,0.0
0943,20241213,PAY   ,-81784.27,ELECTRONIC BANKING PAYMENT TO ,SM624 SM6249 M&M CO NHU2312:36        ,509,0.0
0943,20241213,PAY   ,-83381.17,ELECTRONIC BANKING PAYMENT TO ,SN610 SN6104 NEW HA NHU2312:35        ,509,0.0
0943,20241213,PAY   ,-83392.02,ELECTRONIC BANKING PAYMENT TO ,SS628 SS6288 SDK C  NHU2312:35        ,509,0.0
0943,20241213,PAY   ,-83818.21,ELECTRONIC BANKING PAYMENT TO ,SJ605 SJ6054 JTSS T NHU2312:35        ,509,0.0
0943,20241213,PAY   ,-89655.37,ELECTRONIC BANKING PAYMENT TO ,CD515 CD5154 DIGIFU NHU2312:36        ,509,0.0
0943,20241213,PAY   ,-90990.43,ELECTRONIC BANKING PAYMENT TO ,SN611 SN6118 NKOMO  NHU2312:35        ,509,0.0
0943,20241213,PAY   ,-93399.52,ELECTRONIC BANKING PAYMENT TO ,SM623 SM6234 MICHAE ZCX8314:23        ,509,0.0
0943,20241213,PAY   ,-93523.19,ELECTRONIC BANKING PAYMENT TO ,SK609 SK6097 KOLBA  ZCX8314:21        ,509,0.0
0943,20241213,PAY   ,-95590.62,ELECTRONIC BANKING PAYMENT TO ,SD617 SD6176 DUBE & ZCX8314:23        ,509,0.0
0943,20241213,PAY   ,-100200.01,ELECTRONIC BANKING PAYMENT TO ,CL702 CL7029 LAFARG NHU2312:36        ,509,0.0
0943,20241213,PAY   ,-102978.96,ELECTRONIC BANKING PAYMENT TO ,CG705 CG7050 GEZE S NHU2312:36        ,509,0.0
0943,20241213,PAY   ,-103296.78,ELECTRONIC BANKING PAYMENT TO ,SN609 SN6094 NOBLE  ZCX8314:21        ,509,0.0
0943,20241213,PAY   ,-111687.2,ELECTRONIC BANKING PAYMENT TO ,SC615 SC6151 CGIS R ZCX8314:21        ,509,0.0
0943,20241213,PAY   ,-111708.63,ELECTRONIC BANKING PAYMENT TO ,SJ609 SJ6095 JNP DE ZCX8314:23        ,509,0.0
0943,20241213,PAY   ,-119019.85,ELECTRONIC BANKING PAYMENT TO ,CF709 CF7091 FIBERT NHU2312:36        ,509,0.0
0943,20241213,PAY   ,-119974.79,ELECTRONIC BANKING PAYMENT TO ,CV703 CV7037 VICTOR NHU2312:36        ,509,0.0
0943,20241213,PAY   ,-120577.79,ELECTRONIC BANKING PAYMENT TO ,CR703 CR7031 ROCLA  NHU2312:36        ,509,0.0
0943,20241213,PAY   ,-121994.8,ELECTRONIC BANKING PAYMENT TO ,SM625 SM6253 MALUZA ZCX8314:23        ,509,0.0
0943,20241213,PAY   ,-133212.15,ELECTRONIC BANKING PAYMENT TO ,SA621 SA6212 APJ ST NHU2312:35        ,509,0.0
0943,20241213,PAY   ,-136711.62,ELECTRONIC BANKING PAYMENT TO ,SH608 SH6084 HLABO  NHU2312:35        ,509,0.0
0943,20241213,PAY   ,-138110.42,ELECTRONIC BANKING PAYMENT TO ,CD711 CD7110 DUKATH NHU2312:36        ,509,0.0
0943,20241213,PAY   ,-138371.09,ELECTRONIC BANKING PAYMENT TO ,SH607 SH6075 HADASO NHU2312:36        ,509,0.0
0943,20241213,PAY   ,-138830.65,ELECTRONIC BANKING PAYMENT TO ,SN603 SN6039 NC FIR ZCX8314:21        ,509,0.0
0943,20241213,PAY   ,-140562.21,ELECTRONIC BANKING PAYMENT TO ,SM624 SM6248 MGUZA  NHU2312:36        ,509,0.0
0943,20241213,PAY   ,-144960.81,ELECTRONIC BANKING PAYMENT TO ,SS624 SS6241 SUPREM ZCX8314:23        ,509,0.0
0943,20241213,PAY   ,-148942.4,ELECTRONIC BANKING PAYMENT TO ,SW604 SW6042 WANZA  NHU2312:35        ,509,0.0
0943,20241213,PAY   ,-154696.07,ELECTRONIC BANKING PAYMENT TO ,SR613 SR6131 ROUX P ZCX8314:21        ,509,0.0
0943,20241213,PAY   ,-158585.0,ELECTRONIC BANKING PAYMENT TO ,CC720 CC7206 CORE A NHU2312:36        ,509,0.0
0943,20241213,PAY   ,-159368.08,ELECTRONIC BANKING PAYMENT TO ,SC612 SC6121 CUBICL ZCX8314:23        ,509,0.0
0943,20241213,PAY   ,-161552.59,ELECTRONIC BANKING PAYMENT TO ,SS625 SS6251 SKYCO  NHU2312:35        ,509,0.0
0943,20241213,PAY   ,-164501.66,ELECTRONIC BANKING PAYMENT TO ,SL610 SL6104 LETLAK NHU2312:36        ,509,0.0
0943,20241213,PAY   ,-164579.28,ELECTRONIC BANKING PAYMENT TO ,SC612 SC6121 CUBICL ZCX8314:23        ,509,0.0
0943,20241213,PAY   ,-166268.09,ELECTRONIC BANKING PAYMENT TO ,CR507 CR5074 RAW PR NHU2312:36        ,509,0.0
0943,20241213,PAY   ,-174263.6,ELECTRONIC BANKING PAYMENT TO ,SB615 SB6152 BRAVOS ZCX8314:23        ,509,0.0
0943,20241213,PAY   ,-176808.88,ELECTRONIC BANKING PAYMENT TO ,SI607 SI6071 INCRED NHU2312:36        ,509,0.0
0943,20241213,PAY   ,-181760.83,ELECTRONIC BANKING PAYMENT TO ,SV604 SV6048 VALOTH ZCX8314:21        ,509,0.0
0943,20241213,PAY   ,-184692.76,ELECTRONIC BANKING PAYMENT TO ,CL712 CL7126 LIGHT  ZCX8314:22        ,509,0.0
0943,20241213,PAY   ,-188743.76,ELECTRONIC BANKING PAYMENT TO ,SB615 SB6151 BLOEFR ZCX8314:21        ,509,0.0
0943,20241213,PAY   ,-199413.63,ELECTRONIC BANKING PAYMENT TO ,SI605 SI6059 INTSIK NHU2312:35        ,509,0.0
0943,20241213,PAY   ,-201207.84,ELECTRONIC BANKING PAYMENT TO ,CC729 CC7299 CHERAN NHU2312:37        ,509,0.0
0943,20241213,PAY   ,-204337.44,ELECTRONIC BANKING PAYMENT TO ,CC701 CC7017 COASTA NHU2312:37        ,509,0.0
0943,20241213,PAY   ,-207747.5,ELECTRONIC BANKING PAYMENT TO ,CA724 CA7246 AXIOM  NHU2312:37        ,509,0.0
0943,20241213,PAY   ,-208021.84,ELECTRONIC BANKING PAYMENT TO ,SG605 SG6057 GMJ CI NHU2312:36        ,509,0.0
0943,20241213,PAY   ,-215550.42,ELECTRONIC BANKING PAYMENT TO ,CD709 CD7092 DEYZEL NHU2312:36        ,509,0.0
0943,20241213,PAY   ,-218888.75,ELECTRONIC BANKING PAYMENT TO ,SK608 SK6083 KHEWAN NHU2312:36        ,509,0.0
0943,20241213,PAY   ,-227974.05,ELECTRONIC BANKING PAYMENT TO ,SM625 SM6253 MALUZA NHU2312:36        ,509,0.0
0943,20241213,PAY   ,-230901.72,ELECTRONIC BANKING PAYMENT TO ,SM625 SM6253 MALUZA NHU2312:36        ,509,0.0
0943,20241213,PAY   ,-248569.72,ELECTRONIC BANKING PAYMENT TO ,SK614 SK6146 KIVU C NHU2312:36        ,509,0.0
0943,20241213,PAY   ,-260688.69,ELECTRONIC BANKING PAYMENT TO ,SN611 SN6113 NENE S ZCX8314:21        ,509,0.0
0943,20241213,PAY   ,-345041.4,ELECTRONIC BANKING PAYMENT TO ,CA717 CA7178 AVERDA ZCX8314:22        ,509,0.0
0943,20241213,PAY   ,-367789.8,ELECTRONIC BANKING PAYMENT TO ,SC617 SC6172 CHAUKE ZCX8314:21        ,509,0.0
0943,20241213,PAY   ,-371760.23,ELECTRONIC BANKING PAYMENT TO ,CK701 CK7014 KAYTEC NHU2312:37        ,509,0.0
0943,20241213,PAY   ,-424560.61,ELECTRONIC BANKING PAYMENT TO ,CO704 CO7046 OWA CE ZCX8314:22        ,509,0.0
0943,20241213,PAY   ,-434801.08,ELECTRONIC BANKING PAYMENT TO ,CB722 CB7226 BASTIP ZCX8314:22        ,509,0.0
0943,20241213,PAY   ,-454685.4,ELECTRONIC BANKING PAYMENT TO ,SE612 SE6123 ENTRAW NHU2312:36        ,509,0.0
0943,20241213,PAY   ,-456234.82,ELECTRONIC BANKING PAYMENT TO ,CI712 CI7129 IRONMO ZCX8314:22        ,509,0.0
0943,20241213,PAY   ,-466574.58,ELECTRONIC BANKING PAYMENT TO ,CB719 CB7197 BUCO G NHU2312:37        ,509,0.0
0943,20241213,PAY   ,-572295.98,ELECTRONIC BANKING PAYMENT TO ,SA614 SA6143 ALUMIN ZCX8314:21        ,509,0.0
0943,20241213,PAY   ,-579173.17,ELECTRONIC BANKING PAYMENT TO ,SB601 SB6017 BIG AL ZCX8314:21        ,509,0.0
0943,20241213,PAY   ,-584807.72,ELECTRONIC BANKING PAYMENT TO ,SN603 SN6039 NC FIR ZCX8314:21        ,509,0.0
0943,20241213,PAY   ,-667087.07,ELECTRONIC BANKING PAYMENT TO ,ST601 ST6014 THIYIS ZCX8314:21        ,509,0.0
0943,20241213,PAY   ,-668418.31,ELECTRONIC BANKING PAYMENT TO ,CS705 CS7058 STILES NHU2312:37        ,509,0.0
0943,20241213,PAY   ,-699581.9,ELECTRONIC BANKING PAYMENT TO ,CI701 CI7015 ITAL T ZCX8314:22        ,509,0.0
0943,20241213,PAY   ,-763280.25,ELECTRONIC BANKING PAYMENT TO ,ST601 ST6014 THIYIS ZCX8314:21        ,509,0.0
0943,20241213,PAY   ,-857151.04,ELECTRONIC BANKING PAYMENT TO ,CT719 CT7190 TRANSA ZCX8314:22        ,509,0.0
0943,20241213,PAY   ,-1053305.1,ELECTRONIC BANKING PAYMENT TO ,SF604 SF6048 FIRST  NHU2312:36        ,509,0.0
0943,20241213,PAY   ,-1142040.69,ELECTRONIC BANKING PAYMENT TO ,SD610 SD6105 DVF NE NHU2312:36        ,509,0.0
0943,20241213,PAY   ,-1169480.67,ELECTRONIC BANKING PAYMENT TO ,SA614 SA6143 ALUMIN ZCX8314:21        ,509,0.0
0943,20241213,PAY   ,-1308547.9,ELECTRONIC BANKING PAYMENT TO ,CT723 CT7230 TECHNO ZCX8314:22        ,509,0.0
0943,20241213,PAY   ,-1458986.98,ELECTRONIC BANKING PAYMENT TO ,SF604 SF6048 FIRST  NHU2312:36        ,509,0.0
0943,20241213,PAY   ,-1845788.21,ELECTRONIC BANKING PAYMENT TO ,SC612 SC6123 CHARTW NHU2312:36        ,509,0.0
0943,20241213,PAY   ,-2265124.13,ELECTRONIC BANKING PAYMENT TO ,CL700 CL7003 LAFARG ZCX8314:22        ,509,0.0
0943,20241213,PAY   ,-2398528.29,ELECTRONIC BANKING PAYMENT TO ,SD608 SD6089 DRAGER ZCX8314:21        ,509,0.0
0943,20241213,PAY   ,-2499098.06,ELECTRONIC BANKING PAYMENT TO ,SE612 SE6123 ENTRAW NHU2312:36        ,509,0.0
